# axis=X, target=20.00, gyro=19.966, samples=62
index,value
0,19.970
1,19.960
2,19.960
3,19.960
4,19.970
5,19.970
6,19.960
7,19.960
8,19.960
9,19.960
10,19.960
11,19.960
12,19.960
13,19.960
14,19.960
15,19.960
16,19.960
17,19.970
18,19.960
19,19.960
20,19.970
21,19.970
22,19.970
23,19.970
24,19.970
25,19.960
26,19.960
27,19.960
28,19.960
29,19.960
30,19.960
31,19.960
32,19.960
33,19.950
34,19.960
35,19.960
36,19.960
37,19.960
38,19.960
39,19.960
40,19.960
41,19.960
42,19.960
43,19.960
44,19.950
45,19.950
46,19.960
47,19.960
48,19.960
49,19.960
50,19.970
51,19.970
52,19.970
53,19.970
54,19.960
55,19.960
56,19.960
57,19.960
58,19.960
59,19.960
60,19.960
61,19.960
