# axis=X, target=-20.00, gyro=-20.030, samples=61
index,value
0,-19.950
1,-19.950
2,-19.950
3,-19.950
4,-19.950
5,-19.950
6,-19.950
7,-19.950
8,-19.950
9,-19.950
10,-19.960
11,-19.960
12,-19.950
13,-19.950
14,-19.950
15,-19.960
16,-19.960
17,-19.960
18,-19.960
19,-19.960
20,-19.960
21,-19.960
22,-19.960
23,-19.960
24,-19.960
25,-19.960
26,-19.960
27,-19.960
28,-19.960
29,-19.960
30,-19.960
31,-19.960
32,-19.960
33,-19.960
34,-19.960
35,-19.960
36,-19.960
37,-19.960
38,-19.970
39,-19.970
40,-19.970
41,-19.970
42,-19.970
43,-19.970
44,-19.970
45,-19.970
46,-19.970
47,-19.970
48,-19.960
49,-19.960
50,-19.960
51,-19.960
52,-19.960
53,-19.960
54,-19.960
55,-19.960
56,-19.960
57,-19.960
58,-19.960
59,-19.960
60,-19.960
