# axis=Y, target=-45.00, gyro=-44.976, samples=62
index,value
0,-44.100
1,-44.110
2,-44.110
3,-44.100
4,-44.090
5,-44.090
6,-44.090
7,-44.100
8,-44.110
9,-44.110
10,-44.110
11,-44.110
12,-44.110
13,-44.110
14,-44.110
15,-44.110
16,-44.110
17,-44.110
18,-44.110
19,-44.110
20,-44.110
21,-44.110
22,-44.120
23,-44.110
24,-44.110
25,-44.100
26,-44.100
27,-44.100
28,-44.110
29,-44.110
30,-44.100
31,-44.100
32,-44.100
33,-44.100
34,-44.110
35,-44.110
36,-44.110
37,-44.110
38,-44.110
39,-44.110
40,-44.110
41,-44.110
42,-44.110
43,-44.110
44,-44.110
45,-44.120
46,-44.120
47,-44.110
48,-44.110
49,-44.110
50,-44.120
51,-44.120
52,-44.120
53,-44.120
54,-44.120
55,-44.120
56,-44.120
57,-44.120
58,-44.120
59,-44.110
60,-44.110
61,-44.120
