# axis=Y, target=45.00, gyro=44.976, samples=60
index,value
0,45.080
1,45.080
2,45.090
3,45.090
4,45.090
5,45.090
6,45.090
7,45.090
8,45.090
9,45.090
10,45.090
11,45.080
12,45.080
13,45.080
14,45.080
15,45.070
16,45.070
17,45.070
18,45.070
19,45.070
20,45.070
21,45.070
22,45.070
23,45.060
24,45.070
25,45.070
26,45.070
27,45.060
28,45.060
29,45.060
30,45.060
31,45.060
32,45.060
33,45.060
34,45.070
35,45.070
36,45.070
37,45.070
38,45.080
39,45.080
40,45.080
41,45.090
42,45.090
43,45.090
44,45.090
45,45.100
46,45.100
47,45.100
48,45.100
49,45.090
50,45.090
51,45.080
52,45.080
53,45.080
54,45.090
55,45.090
56,45.090
57,45.090
58,45.090
59,45.090
