Product Name,"CisLvCommon LvModule"
Time,"2024-06-05 14:25:31"
Tested by,"√÷πŒº≥"
Serial,"SB-03193"
"MODULE Level Init","PASS"
"ADC","PASS"
"MODULE VOLT/CURRENT START","PASS MAIN:24.0 MAIN:5.2 MAIN:3.3 MAIN:3.3 VDD:3.3 ISO:5.0 ISO:3.3 ISO:10.5 ISO:-12.0 ISO:12.1 REF:2.5 VDDA:1.8 VDD_SOC:0.9 VDD_PHY:0.9 VDD_ARM:0.9 NVCC_DRAM:1.1 VDD_PHY:1.2 VDD:1.8 VDD_SNVS:0.8 NVCC_SNVS:1.8 VDD_DRAM&PU:1.0 CURR:0.206 "
"SD CARD","PASS"
"ETHERNET 1GB","PASS"
"ETHERNET 100MB","PASS"
"RTC TEST","PASS"
"BASE Motion","PASS"
"LED","PASS"
"ADAB","PASS"
"Motion Sensor2","PASS"
"Temp Sensor2","PASS"
"COMMON ADC VERIFY","PASS"
"MODULE Level Mfg Mode","PASS"
"MODULE Level AgingTime","PASS"
